{"cameraMode":{"drawMode":0,"name":"Shaded","section":"Shading Mode"},"sceneLighting":true,"audioPlay":false,"sceneViewState":{"m_AlwaysRefresh":false,"showFog":true,"showSkybox":true,"showFlares":true,"showImageEffects":true,"showParticleSystems":true,"showVisualEffectGraphs":true,"m_FxEnabled":true},"in2DMode":false,"pivot":{"x":130.49441528320313,"y":-5.982532501220703,"z":484.187255859375},"rotation":{"x":0.049403686076402667,"y":0.05540383234620094,"z":-0.002743803197517991,"w":0.9972400069236755},"size":711.942138671875,"orthographic":false}